Location,Location_Type,Year,Month,Price_Studio,Price_1br,Price_2br,Price_3br,Price_4br,Price_Change_MoM,Price_Change_YoY
National,National,2020,4,842,964,1196,1607,1872,0,1.4
Alabama,State,2020,4,629,685,832,1111,1293,0,2.6
Alaska,State,2020,4,820,937,1199,1694,2034,0.2,1
Arizona,State,2020,4,739,873,1103,1595,1850,-0.2,2.8
Arkansas,State,2020,4,531,578,730,989,1159,0.1,0.7
California,State,2020,4,1237,1456,1856,2571,2987,-0.1,1.3
Colorado,State,2020,4,888,1045,1325,1909,2238,-0.1,1
Connecticut,State,2020,4,906,1084,1358,1725,1994,0.1,1.2
Delaware,State,2020,4,892,1029,1254,1656,1881,0.2,3.9
District of Columbia,State,2020,4,1437,1510,1742,2295,2849,-0.1,1.7
Florida,State,2020,4,848,984,1227,1662,1996,-0.2,1.5
Georgia,State,2020,4,833,882,1040,1381,1677,-0.1,0.7
Idaho,State,2020,4,581,662,856,1204,1463,0.1,2.2
Illinois,State,2020,4,793,915,1097,1412,1671,0.1,1
Indiana,State,2020,4,570,663,833,1096,1238,0,1.4
Iowa,State,2020,4,523,606,775,1040,1164,0,0.9
Kansas,State,2020,4,574,673,862,1169,1348,0,1.8
Kentucky,State,2020,4,541,608,773,1054,1214,0.1,0.4
Louisiana,State,2020,4,595,684,831,1075,1258,0,-0.7
Maine,State,2020,4,708,777,965,1271,1420,0.2,1.9
Maryland,State,2020,4,1127,1265,1524,1987,2405,0,0.7
Massachusetts,State,2020,4,1154,1322,1643,2062,2293,0,1.6
Michigan,State,2020,4,612,725,928,1243,1368,0,1.1
Minnesota,State,2020,4,710,862,1095,1521,1780,0,1.3
Mississippi,State,2020,4,584,664,809,1068,1208,0,0.8
Missouri,State,2020,4,578,666,852,1151,1320,0.1,1.1
Montana,State,2020,4,559,623,791,1104,1318,0.1,0.8
Nebraska,State,2020,4,541,660,844,1135,1277,0.2,1.3
Nevada,State,2020,4,742,904,1135,1647,1982,-0.3,1.9
New Hampshire,State,2020,4,936,1051,1341,1764,1973,0,2.1
New Jersey,State,2020,4,1101,1262,1549,2003,2313,-0.1,1.2
New Mexico,State,2020,4,580,680,837,1168,1382,0.1,1.4
New York,State,2020,4,1173,1296,1542,1982,2183,0,1.3
North Carolina,State,2020,4,712,772,929,1250,1508,-0.2,1.8
North Dakota,State,2020,4,532,583,750,1055,1210,0,2.3
Ohio,State,2020,4,577,668,858,1137,1273,0.1,1.5
Oklahoma,State,2020,4,536,604,776,1052,1223,0.1,1.1
Oregon,State,2020,4,878,986,1210,1754,2106,0,0.6
Pennsylvania,State,2020,4,714,830,1028,1307,1438,0,1
Rhode Island,State,2020,4,862,977,1182,1498,1795,0.2,1.5
South Carolina,State,2020,4,685,780,936,1244,1499,0,1.3
South Dakota,State,2020,4,490,568,727,993,1128,0.1,0.5
Tennessee,State,2020,4,629,711,878,1171,1378,0,2.2
Texas,State,2020,4,745,859,1069,1442,1777,-0.1,1.3
Utah,State,2020,4,669,805,996,1430,1668,-0.1,1.7
Vermont,State,2020,4,865,973,1228,1624,1785,0,0.5
Virginia,State,2020,4,1017,1072,1266,1695,2075,0.1,1.4
Washington,State,2020,4,1031,1183,1482,2134,2528,0.1,1.5
West Virginia,State,2020,4,543,606,736,975,1106,0,0.5
Wisconsin,State,2020,4,588,688,873,1157,1297,0.1,1.3
Wyoming,State,2020,4,556,623,800,1088,1287,0.1,1.8
"Abilene, TX",City,2020,4,605,659,875,1095,1458,0.3,1
"Acworth, GA",City,2020,4,893,936,1081,1420,1745,0.2,2
"Adelanto, CA",City,2020,4,856,1024,1280,1799,2216,0,-0.3
"Aiken, SC",City,2020,4,644,708,853,1161,1504,0.3,1.2
"Albany, NY",City,2020,4,752,891,1097,1372,1511,-0.2,-0.2
"Albany, OR",City,2020,4,654,779,1025,1492,1750,0.1,1.2
"Albuquerque, NM",City,2020,4,563,724,888,1292,1564,0.1,1.2
"Alexandria, VA",City,2020,4,1566,1644,1900,2505,3107,0.1,2
"Allen, TX",City,2020,4,1058,1261,1567,2124,2706,0,0.7
"Alpharetta, GA",City,2020,4,1205,1263,1459,1916,2355,-0.4,-0.9
"Altamonte Springs, FL",City,2020,4,960,1049,1257,1672,2011,-0.6,-1.3
"Amarillo, TX",City,2020,4,534,642,841,1105,1325,-0.2,-0.1
"Amelia, OH",City,2020,4,543,633,832,1162,1357,0,0.7
"Ames, IA",City,2020,4,646,813,988,1358,1632,-0.1,-1.3
"Anaheim, CA",City,2020,4,1411,1679,2157,2932,3233,-0.2,1.2
"Anchorage, AK",City,2020,4,743,857,1098,1599,1935,0.2,1.3
"Anderson, IN",City,2020,4,625,720,898,1200,1378,0,2.1
"Ann Arbor, MI",City,2020,4,1018,1084,1307,1795,2252,0,0.4
"Anniston, AL",City,2020,4,303,329,437,568,637,0.1,0.1
"Anoka, MN",City,2020,4,785,968,1221,1729,2022,-0.1,1
"Apache Junction, AZ",City,2020,4,482,585,729,1061,1231,0,1.3
"Apopka, FL",City,2020,4,882,963,1154,1535,1847,0.2,0.4
"Apple Valley, CA",City,2020,4,772,924,1156,1624,2001,0.1,0.8
"Arlington, TX",City,2020,4,855,1019,1266,1716,2186,0,2
"Arlington, VA",City,2020,4,1765,1853,2141,2824,3502,-0.1,2.8
"Arvada, CO",City,2020,4,1020,1246,1577,2291,2654,-0.2,3
"Ashland, OR",City,2020,4,661,695,925,1347,1543,0,0
"Athens, GA",City,2020,4,730,813,952,1293,1650,0.1,4.1
"Atlanta, GA",City,2020,4,986,1034,1195,1569,1928,-0.4,-0.2
"Auburn Hills, MI",City,2020,4,772,933,1214,1612,1749,0.2,1.4
"Auburn, WA",City,2020,4,1200,1374,1711,2484,2954,0.2,1
"Audubon, NJ",City,2020,4,740,879,1061,1328,1477,0,1
"Augusta, GA",City,2020,4,607,667,804,1094,1417,0.1,4
"Aurora, CO",City,2020,4,1025,1252,1584,2302,2666,0.1,0.4
"Aurora, IL",City,2020,4,976,1132,1332,1704,2027,-0.5,0.6
"Austell, GA",City,2020,4,910,955,1103,1448,1779,0.5,1.6
"Austin, TX",City,2020,4,982,1191,1470,1991,2396,-0.3,2.5
"Avondale, AZ",City,2020,4,852,1035,1290,1878,2178,-0.2,3.3
"Bakersfield, CA",City,2020,4,707,737,957,1385,1668,0.1,1.5
"Balch Springs, TX",City,2020,4,703,837,1041,1411,1797,-0.4,2.7
"Ballwin, MO",City,2020,4,933,1057,1373,1818,2122,0.2,2.3
"Baltimore, MD",City,2020,4,783,951,1193,1533,1796,0,0.9
"Baton Rouge, LA",City,2020,4,634,775,898,1137,1427,0.1,-1.1
"Battle Creek, MI",City,2020,4,561,698,871,1154,1264,-0.2,1.1
"Bay City, MI",City,2020,4,467,560,736,969,1014,0.1,-0.8
"Bay Shore, NY",City,2020,4,1351,1500,1787,2304,2566,0,1.4
"Baytown, TX",City,2020,4,770,873,1069,1457,1852,0.3,0.8
"Beaverton, OR",City,2020,4,1401,1559,1839,2678,3241,-0.3,3.1
"Bedford, OH",City,2020,4,516,618,769,1011,1071,0,-0.3
"Belleville, IL",City,2020,4,650,738,958,1268,1480,-0.1,0.1
"Belleville, MI",City,2020,4,777,887,1129,1533,1723,0.4,3.8
"Bellevue, WA",City,2020,4,1708,1955,2435,3534,4204,0,2.9
"Bellflower, CA",City,2020,4,1136,1352,1737,2361,2603,0.1,-0.1
"Belmont, CA",City,2020,4,2350,2889,3629,4882,5806,0.3,3
"Belton, MO",City,2020,4,689,872,1069,1462,1654,0,-1
"Bend, OR",City,2020,4,788,864,1010,1450,1779,0.1,3.1
"Benicia, CA",City,2020,4,1063,1325,1657,2412,2921,0,-0.6
"Bentonville, AR",City,2020,4,624,662,855,1228,1494,0.2,0
"Bethany, OK",City,2020,4,617,683,874,1198,1462,0.3,-0.6
"Biloxi, MS",City,2020,4,670,703,812,1139,1361,0.1,2.4
"Binghamton, NY",City,2020,4,655,720,925,1251,1438,-0.2,1.1
"Birmingham, AL",City,2020,4,746,839,971,1305,1464,0,2.9
"Bismarck, ND",City,2020,4,582,595,786,1092,1377,0.2,-1.1
"Bloomington, IL",City,2020,4,545,599,791,1070,1356,-0.1,-0.3
"Bloomington, IN",City,2020,4,697,750,956,1277,1615,0,1.5
"Blue Springs, MO",City,2020,4,718,909,1115,1524,1725,0.2,1.1
"Bluffton, SC",City,2020,4,1087,1164,1343,1759,2289,-0.4,-1.5
"Boca Raton, FL",City,2020,4,1213,1500,1902,2619,3154,-1.7,2.2
"Boise, ID",City,2020,4,605,743,953,1379,1624,0.1,3.5
"Bolingbrook, IL",City,2020,4,1131,1312,1544,1974,2350,0.8,0.2
"Bossier City, LA",City,2020,4,638,779,907,1155,1285,-0.7,-2.5
"Boston, MA",City,2020,4,1503,1714,2126,2671,2944,0,0.5
"Bowie, MD",City,2020,4,2044,2147,2480,3271,4057,-0.4,2.1
"Bowling Green, KY",City,2020,4,524,569,721,988,1183,0.1,-1.8
"Bradenton, FL",City,2020,4,884,951,1222,1676,2037,-0.2,1
"Brandon, FL",City,2020,4,900,1027,1279,1691,2028,-0.2,1.1
"Bridgeton, MO",City,2020,4,593,672,873,1156,1349,0.4,-0.9
"Brighton, MI",City,2020,4,768,928,1208,1604,1740,-0.1,2.8
"Bristol, CT",City,2020,4,690,854,1069,1347,1510,0.1,-0.3
"Broomfield, CO",City,2020,4,1159,1390,1745,2524,2930,-0.1,0.7
"Brownsburg, IN",City,2020,4,666,773,957,1283,1462,0.1,0.6
"Brownsville, TX",City,2020,4,530,537,696,919,1081,0.1,1.5
"Bryan, TX",City,2020,4,627,703,849,1236,1496,0.1,0.8
"Buckeye, AZ",City,2020,4,808,981,1223,1779,2064,0.3,0.5
"Buffalo Grove, IL",City,2020,4,1166,1353,1592,2036,2423,-0.1,-0.7
"Buffalo, NY",City,2020,4,715,723,879,1117,1290,0.1,0
"Burlington, NC",City,2020,4,741,779,961,1303,1449,0.3,2.6
"Burnsville, MN",City,2020,4,927,1143,1442,2042,2387,0.1,3.8
"Burton, MI",City,2020,4,533,632,840,1107,1200,-0.6,-1.1
"Caldwell, ID",City,2020,4,497,610,783,1133,1334,0,-1
"California City, CA",City,2020,4,762,794,1031,1492,1796,0,-0.4
"Calumet City, IL",City,2020,4,753,874,1029,1316,1565,0.1,0.4
"Camarillo, CA",City,2020,4,1546,1834,2437,3471,4148,-0.5,3.3
"Cambridge, MA",City,2020,4,1639,1869,2318,2913,3211,-0.4,2.6
"Camden, NJ",City,2020,4,787,934,1128,1411,1570,0.3,
"Campbell, CA",City,2020,4,1660,1951,2446,3395,3913,0.1,1.2
"Canton, GA",City,2020,4,986,1035,1195,1569,1928,0.5,3.4
"Cape Coral, FL",City,2020,4,842,909,1129,1465,1634,0.1,0
"Carbondale, IL",City,2020,4,532,595,770,1077,1209,0.2,-1
"Carlsbad, CA",City,2020,4,1780,1971,2557,3681,4505,-0.1,4.6
"Carol Stream, IL",City,2020,4,1017,1181,1389,1776,2114,0.2,3.6
"Carrollton, GA",City,2020,4,703,738,852,1119,1375,0.3,4.2
"Carrollton, TX",City,2020,4,940,1121,1393,1888,2405,-0.2,1.3
"Carson City, NV",City,2020,4,639,780,995,1448,1753,0.2,3.7
"Cary, NC",City,2020,4,914,1123,1299,1702,2068,-0.2,2.3
"Casa Grande, AZ",City,2020,4,660,801,998,1453,1686,0.3,1.4
"Casselberry, FL",City,2020,4,1002,1095,1312,1745,2100,0.8,2
"Cassopolis, MI",City,2020,4,496,605,761,983,1049,0,0.6
"Castle Rock, CO",City,2020,4,1105,1350,1709,2483,2876,0.6,2.7
"Catonsville, MD",City,2020,4,962,1169,1466,1885,2208,-0.2,3.6
"Cedar Falls, IA",City,2020,4,537,641,813,1077,1315,-0.3,-0.9
"Cedar Hill, TX",City,2020,4,1053,1255,1559,2114,2692,0.3,4
"Cedar Park, TX",City,2020,4,1154,1399,1727,2339,2815,0.7,4.2
"Cedar Rapids, IA",City,2020,4,580,681,900,1275,1417,-0.4,1.3
"Centreville, VA",City,2020,4,1619,1701,1964,2591,3213,0.1,0.8
"Chandler, AZ",City,2020,4,961,1167,1454,2117,2456,-0.6,3.1
"Charlotte, NC",City,2020,4,892,988,1153,1553,1951,-0.5,1.7
"Charlottesville, VA",City,2020,4,824,1127,1300,1633,1927,0.3,3.3
"Chattanooga, TN",City,2020,4,637,750,932,1229,1524,0.1,1.9
"Chesapeake, VA",City,2020,4,1000,1005,1210,1689,2107,0.3,-0.2
"Cheyenne, WY",City,2020,4,613,642,854,1196,1392,0.1,0.1
"Chicago Heights, IL",City,2020,4,792,919,1082,1383,1646,-0.1,0
"Chicago, IL",City,2020,4,946,1098,1291,1651,1965,0.1,1.5
"Chico, CA",City,2020,4,791,879,1114,1621,1948,0.2,1.2
"Chino Hills, CA",City,2020,4,1350,1612,2041,2824,3311,-0.8,3.1
"Chino, CA",City,2020,4,1056,1260,1599,2206,2566,-0.4,-0.6
"Chula Vista, CA",City,2020,4,1495,1655,2147,3092,3784,-0.4,1
"Cincinnati, OH",City,2020,4,560,652,858,1198,1398,0.1,1.2
"Citrus Heights, CA",City,2020,4,1016,1145,1452,2109,2558,0.1,2.4
"Clarkston, GA",City,2020,4,870,913,1054,1384,1701,0.5,2.7
"Clarksville, TN",City,2020,4,517,625,802,1098,1228,0.1,3.4
"Clearwater, FL",City,2020,4,866,989,1231,1628,1953,-0.3,2.2
"Clinton, MI",City,2020,4,701,747,901,1237,1551,0.1,1.1
"Clovis, CA",City,2020,4,962,1014,1273,1809,2111,0.1,0.1
"Cockeysville, MD",City,2020,4,938,1140,1430,1838,2153,-0.1,0.9
"College Station, TX",City,2020,4,715,801,968,1409,1706,0.1,-0.1
"Colorado Springs, CO",City,2020,4,813,990,1277,1856,2249,0.1,2.9
"Columbia, MD",City,2020,4,1295,1573,1973,2536,2971,-0.2,1.2
"Columbia, MO",City,2020,4,516,574,727,1013,1240,0.2,0.4
"Columbia, SC",City,2020,4,678,856,988,1307,1629,0.4,1.3
"Columbus, GA",City,2020,4,606,649,778,1083,1371,0.1,1.7
"Columbus, IN",City,2020,4,670,798,962,1243,1375,-0.1,1.8
"Columbus, OH",City,2020,4,639,755,973,1252,1457,0,1.3
"Conroe, TX",City,2020,4,792,898,1099,1498,1904,-0.8,1.8
"Copperas Cove, TX",City,2020,4,606,611,809,1147,1425,0.1,1.8
"Coralville, IA",City,2020,4,654,776,1020,1464,1785,0.1,-0.3
"Coram, NY",City,2020,4,1974,2192,2611,3366,3749,0.3,1.4
"Corona, CA",City,2020,4,1517,1814,2269,3189,3928,-0.3,2
"Coronado, CA",City,2020,4,2676,2963,3843,5534,6773,0.1,1.6
"Corpus Christi, TX",City,2020,4,828,866,1083,1443,1657,-0.2,2.5
"Corvallis, OR",City,2020,4,690,833,1045,1521,1829,0.2,1.8
"Costa Mesa, CA",City,2020,4,1551,1846,2372,3224,3555,-0.3,1.1
"Covington, GA",City,2020,4,900,944,1091,1432,1759,0,-0.9
"Cranston, RI",City,2020,4,901,1010,1227,1557,1831,0.3,1.1
"Crystal Lake, IL",City,2020,4,1045,1213,1427,1825,2172,0,0.4
"Dallas, GA",City,2020,4,944,990,1144,1502,1846,0.2,0.8
"Dallas, TX",City,2020,4,768,916,1138,1542,1965,-0.1,1.7
"Danbury, CT",City,2020,4,984,1203,1519,1920,2301,0.3,3
"Danvers, MA",City,2020,4,1588,1812,2247,2824,3113,0.5,3.7
"Daphne, AL",City,2020,4,1199,1258,1451,2112,2426,-0.1,4
"Davenport, IA",City,2020,4,509,621,794,1043,1142,0,1
"Davison, MI",City,2020,4,483,578,760,1005,1090,0.1,2.5
"Dayton, OH",City,2020,4,595,664,868,1167,1377,0.1,1.8
"DeSoto, TX",City,2020,4,828,987,1226,1663,2118,0.5,1.2
"Dearborn Heights, MI",City,2020,4,736,890,1158,1538,1668,-0.9,-4.1
"Dearborn, MI",City,2020,4,880,1063,1384,1838,1994,0.2,2.3
"Decatur, AL",City,2020,4,490,591,735,979,1027,0,2.2
"Decatur, GA",City,2020,4,976,1024,1183,1553,1909,-0.4,-0.2
"Deerfield Beach, FL",City,2020,4,974,1204,1527,2102,2531,0.2,1
"Delray Beach, FL",City,2020,4,978,1209,1533,2111,2542,-1.1,2.5
"Deltona, FL",City,2020,4,730,879,1096,1477,1658,0.1,-1.6
"Denton, TX",City,2020,4,735,876,1088,1475,1879,0,2.6
"Denver, CO",City,2020,4,877,1071,1356,1970,2282,-0.2,0.4
"Des Moines, IA",City,2020,4,554,656,807,1094,1192,0,0.2
"Des Plaines, IL",City,2020,4,858,996,1171,1498,1783,0.6,1.5
"Detroit, MI",City,2020,4,572,691,899,1194,1296,0,0.6
"Douglasville, GA",City,2020,4,1013,1063,1228,1612,1981,0.1,1.5
"Downey, CA",City,2020,4,1319,1570,2017,2742,3023,-0.1,0.1
"Drexel Hill, PA",City,2020,4,766,909,1097,1373,1528,0.1,1.1
"Duarte, CA",City,2020,4,1240,1476,1896,2577,2841,-0.3,1
"Duluth, GA",City,2020,4,1230,1290,1490,1956,2405,-0.6,0.1
"Duluth, MN",City,2020,4,588,682,872,1133,1358,0.1,1
"Duncanville, TX",City,2020,4,841,1003,1246,1689,2151,-0.2,2.2
"Dundalk, MD",City,2020,4,765,929,1165,1498,1755,0,1
"Eaton Rapids, MI",City,2020,4,592,731,917,1217,1354,0,-1.6
"Eden Prairie, MN",City,2020,4,1179,1453,1832,2595,3034,0,1.2
"Edinburg, TX",City,2020,4,583,587,762,954,1134,0,0
"Edmond, OK",City,2020,4,729,807,1033,1414,1727,0,0.7
"El Mirage, AZ",City,2020,4,642,780,972,1414,1641,0,0.2
"El Paso, TX",City,2020,4,557,699,851,1226,1463,0.3,2.6
"Elgin, IL",City,2020,4,863,1001,1178,1506,1793,0,1.7
"Elgin, SC",City,2020,4,776,980,1132,1496,1865,0,-1
"Elizabeth, NJ",City,2020,4,1047,1162,1385,1785,1988,0.1,-1.5
"Elkton, MD",City,2020,4,891,1058,1277,1598,1778,-0.8,1.1
"Englewood, FL",City,2020,4,524,557,726,1005,1220,-0.6,-0.5
"Erie, PA",City,2020,4,555,570,726,924,1007,0.1,1.1
"Escondido, CA",City,2020,4,1308,1449,1879,2706,3312,-0.1,1.7
"Essex, MD",City,2020,4,729,885,1110,1427,1672,0.1,-0.3
"Euclid, OH",City,2020,4,547,655,816,1073,1136,0.2,1.4
"Eugene, OR",City,2020,4,694,823,1095,1587,1912,0.1,-0.5
"Euless, TX",City,2020,4,856,1020,1267,1718,2188,0.1,2.5
"Evanston, IL",City,2020,4,1148,1332,1567,2005,2385,-0.1,1.6
"Evansville, IN",City,2020,4,630,674,877,1097,1208,0,1.1
"Everett, WA",City,2020,4,1212,1388,1728,2509,2984,-0.1,2.6
"Fairbanks, AK",City,2020,4,714,846,1125,1637,1982,0,0.8
"Fairborn, OH",City,2020,4,564,625,813,1071,1232,0.2,1
"Fairfield, CA",City,2020,4,1073,1338,1673,2435,2949,-0.3,0.8
"Fairfield, OH",City,2020,4,725,845,1110,1550,1810,0,-0.1
"Fairview, OR",City,2020,4,1374,1529,1804,2625,3178,0.1,-0.1
"Fall River, MA",City,2020,4,776,871,1058,1342,1578,0,0.2
"Fargo, ND",City,2020,4,469,575,733,1067,1219,0.1,-1.5
"Fayetteville, NC",City,2020,4,629,634,784,1090,1347,0.1,1.2
"Federal Way, WA",City,2020,4,1234,1413,1759,2554,3037,0.3,0.6
"Fenton, MI",City,2020,4,644,771,1013,1341,1454,-0.2,1.8
"Ferndale, MI",City,2020,4,599,724,942,1251,1357,-0.2,0
"Flint, MI",City,2020,4,459,545,724,954,1034,-0.2,0.8
"Florence, KY",City,2020,4,640,745,980,1368,1598,0.8,0.2
"Florissant, MO",City,2020,4,681,773,1003,1329,1550,0,0.8
"Flower Mound, TX",City,2020,4,1546,1842,2289,3104,3953,-0.1,1.3
"Fontana, CA",City,2020,4,890,1065,1332,1871,2305,0,1.8
"Forest Grove, OR",City,2020,4,1106,1230,1451,2113,2557,0,1.9
"Forest Park, GA",City,2020,4,827,868,1002,1316,1617,-0.1,2.5
"Fort Collins, CO",City,2020,4,846,962,1177,1714,2075,0.1,0.3
"Fort Lauderdale, FL",City,2020,4,936,1158,1469,2022,2435,-0.2,2.2
"Fort Mill, SC",City,2020,4,910,1008,1175,1584,1990,0.6,2.1
"Fort Smith, AR",City,2020,4,495,511,673,892,1077,0.1,2
"Fort Wayne, IN",City,2020,4,531,615,781,1002,1119,-0.1,2.6
"Fort Worth, TX",City,2020,4,780,930,1155,1566,1995,0.1,0.5
"Fox Lake, IL",City,2020,4,808,938,1103,1411,1679,-0.1,0.3
"Framingham, MA",City,2020,4,1392,1588,1969,2475,2728,0.7,3.9
"Frankfort, KY",City,2020,4,551,630,801,1121,1329,0.5,2.2
"Franklin, IN",City,2020,4,509,591,732,981,1118,0.1,-0.1
"Frederick, MD",City,2020,4,1336,1403,1620,2137,2650,-0.5,4.1
"Fremont, CA",City,2020,4,2459,3022,3796,5107,6073,-0.1,1.3
"Fresno, CA",City,2020,4,797,844,1055,1497,1749,0.1,1.4
"Frisco, TX",City,2020,4,1084,1292,1605,2177,2772,0,1.5
"Fullerton, CA",City,2020,4,1328,1581,2031,2760,3044,0,1.5
"Gainesville, FL",City,2020,4,698,801,982,1316,1497,0.4,1.6
"Gainesville, GA",City,2020,4,806,853,1017,1307,1444,0.2,2.9
"Gaithersburg, MD",City,2020,4,1514,1590,1837,2423,3004,0.1,1.3
"Gallatin, TN",City,2020,4,769,856,1052,1401,1648,-0.3,0.4
"Garden Grove, CA",City,2020,4,1374,1636,2102,2856,3149,-0.1,0.1
"Gardner, KS",City,2020,4,724,917,1124,1537,1739,0.1,0.8
"Garland, TX",City,2020,4,847,1009,1254,1700,2165,0,0.9
"Garner, NC",City,2020,4,822,1017,1174,1530,1882,-0.8,1.5
"Gastonia, NC",City,2020,4,632,700,816,1100,1382,0.1,0
"Georgetown, TX",City,2020,4,965,1169,1443,1956,2353,0,-0.3
"Germantown, MD",City,2020,4,1656,1739,2009,2650,3286,-0.2,1.9
"Gilbert, AZ",City,2020,4,1022,1241,1546,2251,2611,-0.2,5.8
"Gilroy, CA",City,2020,4,1623,1908,2392,3320,3827,0,1.4
"Gladstone, OR",City,2020,4,1365,1518,1791,2607,3156,0.4,2
"Glen Burnie, MD",City,2020,4,1007,1224,1535,1973,2311,0.1,3.1
"Glendale, AZ",City,2020,4,780,948,1181,1719,1994,-0.3,3.4
"Glendale, CA",City,2020,4,1195,1423,1828,2484,2739,-0.3,1.9
"Glenwood, IL",City,2020,4,831,965,1135,1452,1728,0,0.6
"Grand Blanc, MI",City,2020,4,610,730,959,1270,1377,0,0
"Grand Forks, ND",City,2020,4,498,602,785,1098,1306,0.1,0.2
"Grand Ledge, MI",City,2020,4,480,594,735,984,1148,-0.2,1.1
"Grand Prairie, TX",City,2020,4,867,1033,1284,1741,2218,0.2,1.9
"Grand Rapids, MI",City,2020,4,619,758,920,1303,1438,0,0.6
"Grapevine, TX",City,2020,4,912,1086,1350,1830,2331,-0.4,0.1
"Grayson, GA",City,2020,4,1238,1298,1499,1968,2419,0,-1.2
"Greenbelt, MD",City,2020,4,1346,1414,1633,2154,2672,0.6,0.8
"Greensboro, NC",City,2020,4,668,748,883,1182,1400,0,1.4
"Greenville, NC",City,2020,4,701,706,891,1248,1453,-0.1,2.5
"Greenville, SC",City,2020,4,650,741,889,1182,1398,-0.2,1.5
"Greenwood, IN",City,2020,4,648,753,932,1249,1424,-0.1,1.6
"Gulfport, MS",City,2020,4,643,674,779,1093,1306,-0.1,0.9
"Hackensack, NJ",City,2020,4,1280,1421,1693,2183,2431,-0.1,-1.2
"Hamilton, OH",City,2020,4,546,635,835,1167,1362,0,2.1
"Hammond, IN",City,2020,4,731,848,997,1276,1518,0,0.8
"Hampton, VA",City,2020,4,882,887,1067,1489,1858,0.4,2.5
"Harker Heights, TX",City,2020,4,556,560,743,1052,1308,0.1,1.5
"Harlingen, TX",City,2020,4,609,618,800,1056,1243,-0.1,1.2
"Harrisburg, PA",City,2020,4,674,816,1016,1307,1400,0.1,0.8
"Harrisonburg, VA",City,2020,4,699,704,896,1207,1580,0.2,1.3
"Hartford, CT",City,2020,4,671,831,1040,1311,1470,-0.4,-0.1
"Hattiesburg, MS",City,2020,4,669,770,937,1252,1305,-0.1,0.1
"Hawthorne, CA",City,2020,4,1064,1266,1627,2212,2439,0.1,2
"Hayward, CA",City,2020,4,1818,2234,2806,3775,4489,0,2.4
"Hazelwood, MO",City,2020,4,588,667,865,1146,1338,0,0.5
"Hemet, CA",City,2020,4,847,1013,1267,1780,2193,0.3,3.6
"Henderson, NV",City,2020,4,911,1114,1381,2010,2421,-1,1.8
"Hendersonville, TN",City,2020,4,916,1020,1253,1669,1963,-0.4,2.3
"Hermosa Beach, CA",City,2020,4,1689,2010,2583,3511,3871,0.1,0.1
"High Point, NC",City,2020,4,669,731,872,1180,1383,-0.3,0.5
"Highland, CA",City,2020,4,680,814,1018,1431,1762,0,0
"Highland, IN",City,2020,4,1049,1218,1433,1832,2180,0.1,1.8
"Hinesville, GA",City,2020,4,657,714,824,1158,1444,0.1,-0.2
"Holland, MI",City,2020,4,612,750,911,1290,1424,-0.1,2.9
"Hollywood, FL",City,2020,4,921,1138,1444,1987,2393,-0.1,1.9
"Hopewell, VA",City,2020,4,764,801,924,1225,1492,0.8,2
"Hopkins, MN",City,2020,4,937,1154,1456,2062,2411,-0.1,2.1
"Horn Lake, MS",City,2020,4,757,846,1000,1359,1593,0,-0.2
"Houston, TX",City,2020,4,746,846,1035,1411,1793,-0.3,1
"Humble, TX",City,2020,4,930,1054,1290,1758,2234,0.2,1.1
"Huntsville, AL",City,2020,4,594,681,820,1115,1444,0,4.4
"Hurst, TX",City,2020,4,823,981,1219,1653,2105,0.1,1.5
"Hyattsville, MD",City,2020,4,1258,1322,1527,2014,2497,-0.2,0.5
"Idaho Falls, ID",City,2020,4,562,645,857,1180,1413,0.1,2.3
"Imperial, PA",City,2020,4,744,862,1078,1350,1486,0,
"Independence, MO",City,2020,4,586,742,910,1244,1407,0.3,1.5
"Indianapolis, IN",City,2020,4,611,709,878,1177,1342,0,2
"Inkster, MI",City,2020,4,552,667,868,1152,1250,0.2,3.4
"Iowa City, IA",City,2020,4,724,859,1128,1620,1975,0.2,0.8
"Irving, TX",City,2020,4,842,1003,1246,1690,2152,0,1.8
"Jackson, MI",City,2020,4,500,614,782,1029,1084,0,3
"Jackson, MS",City,2020,4,588,695,841,1063,1229,-0.2,-0.5
"Jacksonville, AR",City,2020,4,502,582,703,949,1129,0.1,-0.3
"Jacksonville, FL",City,2020,4,699,897,1097,1452,1840,-0.1,1.4
"Jacksonville, NC",City,2020,4,617,622,757,1102,1334,-0.8,6
"Jefferson City, MO",City,2020,4,483,515,676,973,1064,0.1,2
"Jersey City, NJ",City,2020,4,1458,1619,1929,2487,2770,-0.3,1.1
"Joliet, IL",City,2020,4,831,964,1135,1451,1727,0.3,2.3
"Jonesboro, AR",City,2020,4,479,593,725,995,1013,0,-0.1
"Jonesboro, GA",City,2020,4,1027,1077,1244,1633,2007,-0.1,3.5
"Junction City, KS",City,2020,4,560,563,748,1082,1314,-0.4,-1.3
"Jupiter, FL",City,2020,4,1106,1276,1607,2224,2701,0.1,1
"Kalamazoo, MI",City,2020,4,585,717,891,1213,1390,0,1
"Kansas City, MO",City,2020,4,593,751,921,1258,1424,0.1,1.8
"Keller, TX",City,2020,4,1164,1387,1723,2336,2976,-0.1,-0.5
"Kennewick, WA",City,2020,4,649,789,977,1333,1721,0.4,-0.1
"Kent, OH",City,2020,4,565,651,865,1112,1193,-0.2,2.6
"Kent, WA",City,2020,4,1314,1504,1873,2718,3233,0,2.4
"Killeen, TX",City,2020,4,571,576,763,1081,1343,0,1.3
"Kissimmee, FL",City,2020,4,958,1043,1254,1669,2012,-0.5,1.7
"La Mesa, CA",City,2020,4,1301,1440,1868,2690,3292,0,0.6
"La Mirada, CA",City,2020,4,1592,1894,2434,3308,3648,-0.6,0.2
"La Vista, NE",City,2020,4,682,859,1074,1445,1584,1.5,7
"LaGrange, GA",City,2020,4,644,675,780,1023,1258,-0.3,1.7
"Ladera Ranch, CA",City,2020,4,2632,3133,4026,5472,6033,-0.2,2.4
"Lafayette, IN",City,2020,4,604,667,813,1113,1385,0.1,0.9
"Lake Mary, FL",City,2020,4,1235,1350,1617,2152,2588,-0.5,0.9
"Lakeland, FL",City,2020,4,807,821,1070,1419,1788,-0.6,0.6
"Lakewood, NJ",City,2020,4,1342,1490,1775,2289,2549,0,1.3
"Lakewood, WA",City,2020,4,1058,1211,1509,2190,2605,-0.1,3.1
"Lancaster, CA",City,2020,4,1086,1278,1643,2245,2494,0,3
"Lancaster, OH",City,2020,4,662,783,1008,1297,1510,0.1,-0.1
"Lancaster, PA",City,2020,4,680,811,1021,1309,1408,0.1,0.3
"Lansing, MI",City,2020,4,566,701,867,1161,1355,-0.1,0.6
"Lapeer, MI",City,2020,4,569,688,895,1189,1290,0.1,0.8
"Laredo, TX",City,2020,4,617,659,840,1112,1273,0.4,-1.5
"Las Cruces, NM",City,2020,4,513,598,726,1044,1279,0,2
"Las Vegas, NV",City,2020,4,787,963,1193,1737,2093,-0.3,2.6
"Laurel, MD",City,2020,4,1247,1367,1620,2120,2582,-0.5,-0.5
"Lawrence, KS",City,2020,4,605,718,941,1352,1625,0.2,1.3
"Lawrenceville, GA",City,2020,4,1138,1194,1379,1810,2225,-0.3,0.2
"Lawton, OK",City,2020,4,496,502,664,930,1048,0.4,0.3
"Layton, UT",City,2020,4,693,832,1066,1522,1786,0.2,2.5
"League City, TX",City,2020,4,1067,1209,1479,2017,2563,-0.6,-1.1
"Lehigh Acres, FL",City,2020,4,733,791,982,1274,1421,0,1.3
"Lewisville, TX",City,2020,4,872,1039,1291,1750,2229,0.2,3.2
"Lexington, KY",City,2020,4,588,674,864,1235,1522,-0.1,1.1
"Lincoln Park, MI",City,2020,4,563,680,885,1176,1275,0.2,-0.9
"Lincoln, NE",City,2020,4,565,659,868,1236,1493,0.1,1.6
"Little Rock, AR",City,2020,4,629,728,881,1188,1413,0.1,0.7
"Littleton, CO",City,2020,4,1226,1498,1896,2754,3190,-0.5,0.2
"Livonia, MI",City,2020,4,775,936,1218,1618,1755,0.2,0.8
"Logan, UT",City,2020,4,450,569,698,1015,1141,0,0.6
"Loma Linda, CA",City,2020,4,879,1052,1316,1849,2278,-0.3,1.4
"Lone Tree, CO",City,2020,4,1293,1579,1999,2904,3363,-0.2,-0.1
"Long Beach, CA",City,2020,4,1165,1387,1782,2422,2670,-0.1,0.7
"Long Branch, NJ",City,2020,4,1529,1698,2023,2609,2905,-0.2,3
"Longmont, CO",City,2020,4,933,1056,1289,1845,2181,-0.3,0.2
"Longview, TX",City,2020,4,709,773,941,1212,1466,0.3,0.1
"Lorain, OH",City,2020,4,506,605,754,991,1049,0.1,1.6
"Los Angeles, CA",City,2020,4,1149,1368,1758,2389,2634,-0.2,0.3
"Louisville, KY",City,2020,4,587,668,844,1156,1313,0.1,0.2
"Lovejoy, GA",City,2020,4,728,763,882,1157,1422,0,-0.5
"Loveland, CO",City,2020,4,822,938,1159,1687,2042,-0.1,2.6
"Lowell, MA",City,2020,4,1090,1243,1542,1938,2136,-0.1,0.2
"Lubbock, TX",City,2020,4,568,662,821,1194,1441,0.2,-0.2
"Mableton, GA",City,2020,4,882,925,1069,1403,1724,0,1.2
"Madison Heights, MI",City,2020,4,702,848,1104,1466,1590,0.1,1.4
"Madison, AL",City,2020,4,689,789,950,1292,1674,0.1,7
"Madison, WI",City,2020,4,709,846,1020,1417,1615,0.1,1.2
"Manchester, NH",City,2020,4,919,1080,1371,1785,1977,0,1.4
"Manhattan, KS",City,2020,4,525,562,744,1050,1274,-0.1,-1.1
"Marana, AZ",City,2020,4,972,1167,1499,2182,2556,-1.4,1.9
"Marietta, PA",City,2020,4,568,677,852,1092,1175,0,0
"Marshall, MI",City,2020,4,543,679,851,1110,1203,0,0.4
"Maryland Heights, MO",City,2020,4,763,865,1123,1487,1735,0.6,2.3
"Marysville, WA",City,2020,4,1161,1329,1655,2402,2857,0.1,0.4
"Matthews, NC",City,2020,4,1109,1228,1432,1930,2424,-0.6,2.7
"McKinney, TX",City,2020,4,980,1168,1451,1967,2505,0.3,3
"Medford, OR",City,2020,4,721,759,1009,1469,1683,0.2,1.8
"Melbourne, FL",City,2020,4,791,983,1246,1723,2121,-0.3,1.5
"Melvindale, MI",City,2020,4,593,716,932,1238,1343,0.1,4.5
"Memphis, TN",City,2020,4,634,709,837,1138,1334,0,1.1
"Menifee, CA",City,2020,4,1118,1337,1673,2350,2895,0.1,0.4
"Mentor, OH",City,2020,4,724,866,1080,1419,1503,0,3.5
"Mesa, AZ",City,2020,4,759,922,1149,1672,1940,0,4.1
"Metairie, LA",City,2020,4,684,798,967,1240,1455,0,1.7
"Miami Gardens, FL",City,2020,4,923,1141,1447,1992,2399,0.6,0
"Miami, FL",City,2020,4,883,1092,1384,1906,2295,-0.5,1.6
"Miamisburg, OH",City,2020,4,649,740,969,1329,1559,0.6,4.4
"Middle River, MD",City,2020,4,870,1057,1326,1705,1997,0.2,-0.5
"Middletown, OH",City,2020,4,591,684,899,1249,1461,0.1,0.3
"Midland, MI",City,2020,4,486,580,752,1034,1180,0.2,-0.3
"Midvale, UT",City,2020,4,804,996,1235,1779,2044,-0.1,5.3
"Milwaukee, WI",City,2020,4,601,731,906,1142,1281,0.2,1.2
"Minneapolis, MN",City,2020,4,743,915,1155,1635,1912,0,1.1
"Minnetonka, MN",City,2020,4,976,1203,1517,2149,2512,-0.6,0.8
"Missoula, MT",City,2020,4,689,744,921,1340,1623,0,0.3
"Missouri City, TX",City,2020,4,1041,1180,1444,1969,2502,0.2,0.5
"Mobile, AL",City,2020,4,790,795,969,1263,1462,-0.2,2.3
"Monroe, LA",City,2020,4,633,637,823,1044,1134,0,-0.3
"Monterey, CA",City,2020,4,1208,1439,1801,2621,2803,-0.1,0.2
"Montgomery, AL",City,2020,4,621,721,869,1115,1507,0.1,1.7
"Moreno Valley, CA",City,2020,4,1153,1379,1725,2424,2987,0.2,-0.3
"Morrisville, NC",City,2020,4,989,1192,1390,1849,2164,0.5,3.2
"Muncie, IN",City,2020,4,516,559,734,958,1165,-0.3,0.2
"Murrieta, CA",City,2020,4,1199,1434,1794,2520,3105,-0.1,2.3
"Muskegon, MI",City,2020,4,520,563,748,1028,1032,0.1,1.3
"Nampa, ID",City,2020,4,576,707,907,1313,1546,0.1,2.1
"Nashville, TN",City,2020,4,855,952,1169,1558,1832,0.1,3.3
"New Baltimore, MI",City,2020,4,709,857,1115,1481,1606,0,1.8
"New Britain, CT",City,2020,4,671,831,1040,1311,1469,0.1,1.4
"New Haven, CT",City,2020,4,957,1093,1334,1703,1988,0.4,-0.2
"New Orleans, LA",City,2020,4,687,802,972,1246,1462,0.1,0.5
"New Port Richey, FL",City,2020,4,725,828,1031,1363,1635,-0.2,-1.1
"New York, NY",City,2020,4,1934,2148,2559,3300,3675,-0.2,1.6
"Newark, OH",City,2020,4,522,618,796,1024,1191,0,1.4
"Newington, CT",City,2020,4,836,1035,1296,1634,1831,0,-0.8
"Newport News, VA",City,2020,4,839,843,1015,1416,1767,0,-0.2
"Noblesville, IN",City,2020,4,751,871,1079,1446,1649,0.7,4.4
"Norfolk, VA",City,2020,4,794,798,960,1340,1672,0,1
"Normal, IL",City,2020,4,581,639,843,1141,1446,0,0.1
"Norman, OK",City,2020,4,575,636,814,1115,1361,0.1,0.6
"Norristown, PA",City,2020,4,1011,1200,1449,1812,2017,-0.2,2.1
"North Charleston, SC",City,2020,4,813,932,1110,1471,1900,-0.1,2.4
"North Chicago, IL",City,2020,4,717,832,979,1252,1490,0.1,0.3
"North Las Vegas, NV",City,2020,4,787,963,1194,1737,2093,0,1.3
"North Little Rock, AR",City,2020,4,579,671,812,1095,1303,0.2,1.9
"North Port, FL",City,2020,4,853,918,1179,1618,1966,0.2,2.8
"North Richland Hills, TX",City,2020,4,926,1104,1372,1860,2369,-0.1,2.2
"Norwalk, CA",City,2020,4,1345,1601,2057,2796,3083,0.1,0.6
"Novato, CA",City,2020,4,2194,2696,3387,4556,5418,-0.6,3.8
"Oak Park, MI",City,2020,4,818,989,1287,1710,1855,0,0.7
"Ocala, FL",City,2020,4,767,818,993,1337,1441,0.1,0.5
"Oceanside, CA",City,2020,4,1640,1816,2356,3393,4152,-0.1,2.6
"Oconomowoc, WI",City,2020,4,693,842,1044,1315,1477,-0.1,-1
"Ogden, UT",City,2020,4,581,697,894,1276,1497,0,0.2
"Oklahoma City, OK",City,2020,4,575,637,814,1115,1362,0.1,1.2
"Olathe, KS",City,2020,4,759,961,1178,1610,1822,0.1,2.4
"Omaha, NE",City,2020,4,610,767,959,1291,1416,0.1,0.9
"Ontario, CA",City,2020,4,1015,1215,1519,2135,2630,-0.1,0.9
"Orange, CA",City,2020,4,1520,1809,2324,3158,3482,-0.1,1.1
"Orlando, FL",City,2020,4,983,1074,1287,1712,2060,-0.7,0
"Ormond Beach, FL",City,2020,4,774,933,1164,1568,1760,0.2,0.5
"Ortonville, MI",City,2020,4,561,672,883,1168,1267,0.1,-2
"Overland Park, KS",City,2020,4,787,996,1221,1669,1889,-0.2,2.1
"Owings Mills, MD",City,2020,4,1016,1234,1548,1990,2331,-0.4,-0.4
"Oxnard, CA",City,2020,4,1053,1249,1660,2365,2826,0,1.3
"Pacifica, CA",City,2020,4,2495,3066,3851,5182,6162,-0.2,2.6
"Palm Bay, FL",City,2020,4,672,835,1059,1464,1802,-0.1,2
"Palm Beach Gardens, FL",City,2020,4,1165,1441,1828,2516,3030,-0.3,4.7
"Palm Desert, CA",City,2020,4,804,962,1203,1691,2083,0,-0.7
"Palm Harbor, FL",City,2020,4,946,1081,1345,1779,2134,-0.4,0
"Palm Springs, CA",City,2020,4,784,938,1174,1649,2031,0,1.1
"Palmdale, CA",City,2020,4,1236,1471,1891,2569,2833,-0.1,1.5
"Palo Alto, CA",City,2020,4,2173,2576,3230,4457,5168,-0.1,3.8
"Paramount, CA",City,2020,4,1241,1477,1897,2579,2843,-0.5,1.2
"Park Forest, IL",City,2020,4,858,996,1171,1498,1782,0.1,1.6
"Parker, CO",City,2020,4,1166,1425,1803,2620,3034,0.1,0.4
"Parkville, MD",City,2020,4,918,1115,1399,1799,2107,0.2,0.6
"Pasadena, CA",City,2020,4,1368,1628,2092,2844,3136,-0.6,0.3
"Pasadena, MD",City,2020,4,1290,1567,1965,2526,2959,0.5,-4.2
"Pasadena, TX",City,2020,4,736,834,1021,1392,1769,0.2,2.2
"Pascagoula, MS",City,2020,4,572,600,693,973,1162,0,-0.9
"Pearland, TX",City,2020,4,983,1114,1363,1858,2361,-0.1,1.3
"Pembroke Pines, FL",City,2020,4,1534,1897,2406,3312,3988,-0.1,-0.4
"Peoria, AZ",City,2020,4,977,1187,1479,2153,2498,-0.2,3.8
"Peoria, IL",City,2020,4,557,641,822,1043,1195,0.3,0.5
"Perris, CA",City,2020,4,741,886,1109,1558,1919,0,0
"Perry Hall, MD",City,2020,4,1090,1324,1661,2136,2501,-0.1,1.9
"Petersburg, VA",City,2020,4,747,783,904,1198,1459,0,-0.2
"Pflugerville, TX",City,2020,4,1077,1305,1611,2183,2627,-0.9,3.5
"Phenix City, AL",City,2020,4,566,612,761,1047,1305,0,0.4
"Philadelphia, PA",City,2020,4,824,979,1182,1478,1645,0,0.7
"Phoenix, AZ",City,2020,4,731,887,1106,1609,1867,0,2.9
"Pineville, NC",City,2020,4,953,1055,1231,1659,2084,-0.8,3
"Pittsburg, CA",City,2020,4,2068,2542,3194,4297,5109,0,-0.6
"Pittsburgh, PA",City,2020,4,638,740,926,1159,1275,0,0.8
"Plainfield, IN",City,2020,4,706,819,1014,1360,1550,-0.3,4
"Plano, TX",City,2020,4,990,1180,1466,1988,2532,-0.4,1.7
"Pleasanton, CA",City,2020,4,2389,2936,3689,4963,5901,-0.5,-1.9
"Pompano Beach, FL",City,2020,4,942,1166,1478,2035,2450,0.1,0.6
"Pontiac, MI",City,2020,4,606,733,953,1266,1373,0.1,0.4
"Port Huron, MI",City,2020,4,537,648,844,1121,1216,0,0.9
"Port Orange, FL",City,2020,4,809,974,1215,1637,1838,-0.5,-1
"Port Washington, WI",City,2020,4,597,726,900,1134,1273,0.8,2.8
"Portland, OR",City,2020,4,1010,1123,1325,1929,2335,-0.1,-0.4
"Portsmouth, VA",City,2020,4,784,788,949,1324,1652,0.2,3
"Post Falls, ID",City,2020,4,597,650,863,1222,1521,0.4,1.5
"Puyallup, WA",City,2020,4,1374,1572,1958,2842,3381,-0.2,0.9
"Quincy, MA",City,2020,4,1361,1553,1926,2420,2667,-0.2,2.4
"Radcliff, KY",City,2020,4,486,523,695,1011,1224,0.1,0.1
"Rahway, NJ",City,2020,4,1183,1313,1565,2017,2247,0,0.4
"Raleigh, NC",City,2020,4,820,1011,1168,1526,1865,0,1.5
"Rancho Cucamonga, CA",City,2020,4,1213,1451,1815,2550,3142,-0.4,1.2
"Rapid City, SD",City,2020,4,582,646,844,1189,1384,0.2,0.5
"Redlands, CA",City,2020,4,790,945,1182,1661,2046,0,3.9
"Redwood City, CA",City,2020,4,2307,2835,3562,4792,5699,-0.1,1.1
"Reisterstown, MD",City,2020,4,967,1175,1474,1894,2219,0.7,3.7
"Reno, NV",City,2020,4,743,900,1171,1704,2064,0,0.7
"Renton, WA",City,2020,4,1512,1731,2156,3129,3722,-0.1,3.4
"Richardson, TX",City,2020,4,898,1070,1329,1802,2296,-0.8,0.7
"Richland, WA",City,2020,4,677,824,1019,1391,1796,-0.2,0.7
"Richmond, TX",City,2020,4,889,1008,1234,1682,2138,-0.7,1.7
"Richmond, VA",City,2020,4,867,909,1049,1391,1694,0.1,1.4
"Rio Rancho, NM",City,2020,4,661,850,1042,1517,1836,0.1,0.1
"Riverdale, GA",City,2020,4,987,1035,1195,1569,1928,0,0.6
"Riverside, CA",City,2020,4,904,1081,1352,1900,2341,0,1.5
"Riverview, FL",City,2020,4,935,1067,1328,1756,2107,-0.1,2.1
"Roanoke, VA",City,2020,4,570,684,872,1193,1351,0,2.4
"Rochester, NY",City,2020,4,665,786,974,1220,1343,0.4,1.8
"Rock Hill, SC",City,2020,4,800,885,1032,1392,1748,0.4,6.3
"Rockford, IL",City,2020,4,554,621,827,1095,1225,0.1,1.5
"Rockwood, MI",City,2020,4,575,694,904,1200,1302,0.1,2.2
"Rocky Mount, NC",City,2020,4,661,665,839,1151,1287,0.2,-0.6
"Rogers, AR",City,2020,4,632,670,866,1243,1513,-0.1,1.4
"Rohnert Park, CA",City,2020,4,1327,1537,1992,2901,3511,0,0
"Romeoville, IL",City,2020,4,1405,1630,1917,2452,2918,0.4,0.9
"Romulus, MI",City,2020,4,557,674,877,1164,1263,0.1,1.5
"Roseville, MI",City,2020,4,626,756,984,1307,1418,0,0.5
"Roswell, GA",City,2020,4,1224,1284,1483,1947,2392,0,-0.2
"Round Rock, TX",City,2020,4,1074,1301,1606,2176,2619,0.5,4
"Royal Oak, MI",City,2020,4,689,833,1084,1440,1562,0,0.5
"Sacramento, CA",City,2020,4,871,981,1244,1807,2192,-0.1,2.3
"Saginaw, MI",City,2020,4,501,620,789,1040,1087,0.2,0.6
"Salem, MA",City,2020,4,1268,1446,1794,2254,2484,0,4.2
"Salinas, CA",City,2020,4,1443,1719,2150,3130,3348,-0.1,1.9
"Salisbury, MD",City,2020,4,733,820,1080,1475,1778,0.3,3.9
"Salt Lake City, UT",City,2020,4,710,879,1091,1571,1804,-0.2,1.8
"San Antonio, TX",City,2020,4,697,859,1079,1428,1714,-0.2,0.6
"San Bernardino, CA",City,2020,4,714,855,1069,1502,1850,0.1,1.1
"San Diego, CA",City,2020,4,1428,1581,2051,2953,3614,-0.1,1.1
"San Dimas, CA",City,2020,4,1601,1905,2448,3328,3669,0.4,1.8
"San Francisco, CA",City,2020,4,2004,2463,3094,4163,4950,-0.3,-0.3
"San Jose, CA",City,2020,4,1819,2139,2680,3721,4289,-0.1,1.3
"San Marcos, CA",City,2020,4,1412,1564,2028,2921,3575,-0.2,2.4
"San Marcos, TX",City,2020,4,789,963,1198,1607,1931,-0.1,1
"San Mateo, CA",City,2020,4,2915,3582,4501,6055,7201,0.2,1.4
"San Ramon, CA",City,2020,4,2455,3017,3791,5100,6064,-0.5,-0.1
"Santa Ana, CA",City,2020,4,1215,1446,1857,2524,2783,0,-0.5
"Santa Clara, CA",City,2020,4,1927,2265,2840,3942,4544,-0.4,1.2
"Santa Clarita, CA",City,2020,4,1743,2075,2666,3623,3995,-0.6,0.5
"Santa Cruz, CA",City,2020,4,1556,1845,2453,3253,3653,-0.2,0.7
"Sarasota, FL",City,2020,4,1019,1096,1408,1931,2347,0,0.7
"Savannah, GA",City,2020,4,799,907,1047,1428,1668,-0.3,0.9
"Schaumburg, IL",City,2020,4,1248,1448,1704,2179,2593,-0.1,3.2
"Scottsdale, AZ",City,2020,4,907,1101,1372,1997,2317,-0.7,3.1
"Seattle, WA",City,2020,4,1187,1359,1693,2457,2922,0.2,1.8
"Severn, MD",City,2020,4,1111,1349,1692,2176,2548,-0.4,1.5
"Shawnee, KS",City,2020,4,683,864,1059,1448,1639,-0.4,1.9
"Sherman, TX",City,2020,4,619,761,968,1321,1482,0.1,0.9
"Sierra Vista, AZ",City,2020,4,702,706,882,1252,1554,0.5,2.6
"Sioux Falls, SD",City,2020,4,513,618,765,1036,1223,0.1,-0.9
"Slidell, LA",City,2020,4,808,943,1142,1464,1718,0.2,1.9
"Smyrna, GA",City,2020,4,1094,1147,1325,1740,2138,-0.5,0.3
"Snellville, GA",City,2020,4,1234,1295,1496,1963,2413,0.3,-0.3
"South Gate, CA",City,2020,4,832,991,1273,1730,1908,0.4,2.5
"Southfield, MI",City,2020,4,763,922,1200,1593,1728,-0.2,1.7
"Spanaway, WA",City,2020,4,1159,1327,1653,2399,2853,0.1,1.2
"Spring, TX",City,2020,4,994,1127,1379,1880,2389,-0.1,1.6
"Springfield, IL",City,2020,4,489,558,724,946,998,-0.1,0.4
"Springfield, MO",City,2020,4,498,539,701,1017,1105,0.1,3.2
"Springfield, OH",City,2020,4,508,557,722,930,1040,0,3
"Springfield, OR",City,2020,4,631,748,995,1442,1737,0.1,0.5
"St. Ann, MO",City,2020,4,571,647,840,1113,1299,1,8.3
"St. Clair Shores, MI",City,2020,4,626,757,985,1309,1419,0,1.1
"St. Joseph, MO",City,2020,4,579,636,827,1048,1295,0.1,1.1
"St. Louis, MO",City,2020,4,639,725,941,1247,1455,0.1,1
"St. Paul, MN",City,2020,4,800,986,1244,1761,2059,0,0.9
"St. Petersburg, FL",City,2020,4,851,971,1209,1598,1918,-0.2,1.5
"Stamford, CT",City,2020,4,1267,1549,1956,2473,2964,-0.3,2
"Sterling Heights, MI",City,2020,4,691,835,1087,1444,1566,0.1,1.5
"Stockton, CA",City,2020,4,832,993,1303,1880,2271,-0.1,2.2
"Sugar Land, TX",City,2020,4,1126,1277,1562,2130,2707,-0.8,-0.2
"Suisun City, CA",City,2020,4,1255,1564,1956,2846,3447,0.3,1.4
"Sumter, SC",City,2020,4,592,596,735,968,1086,-0.2,-1.9
"Suwanee, GA",City,2020,4,1547,1622,1874,2460,3024,-1,-1.1
"Syracuse, NY",City,2020,4,593,662,837,1096,1198,0.1,0
"Tacoma, WA",City,2020,4,1101,1261,1570,2279,2711,-0.1,0.2
"Tallahassee, FL",City,2020,4,777,818,1013,1343,1539,0.1,1.1
"Tampa, FL",City,2020,4,909,1038,1292,1708,2049,-0.4,2.1
"Tarpon Springs, FL",City,2020,4,785,897,1116,1476,1771,-0.1,1
"Taylor, MI",City,2020,4,570,689,897,1191,1292,0,1.4
"Tempe, AZ",City,2020,4,808,982,1223,1780,2065,-0.7,3.1
"Temple, TX",City,2020,4,598,611,808,1141,1416,-0.7,2.2
"Texarkana, AR",City,2020,4,509,578,729,930,1025,0.1,1.5
"Texarkana, TX",City,2020,4,554,629,794,1012,1115,-0.2,3
"Texas City, TX",City,2020,4,802,909,1112,1516,1927,-0.4,0.7
"The Colony, TX",City,2020,4,1017,1212,1506,2042,2601,-0.3,3.6
"Thornton, CO",City,2020,4,1245,1521,1925,2797,3239,-0.3,1.2
"Thousand Oaks, CA",City,2020,4,1733,2057,2714,3830,4507,-0.5,-1.1
"Toledo, OH",City,2020,4,494,593,776,1063,1162,0.1,0.6
"Tolleson, AZ",City,2020,4,824,1001,1247,1815,2105,0.6,3.4
"Topeka, KS",City,2020,4,510,610,804,1088,1316,0,3.3
"Torrance, CA",City,2020,4,1368,1628,2092,2843,3134,-0.1,1
"Towson, MD",City,2020,4,984,1195,1499,1927,2258,0.3,2.3
"Trenton, MI",City,2020,4,561,678,882,1172,1271,0,0.1
"Troy, MI",City,2020,4,829,1001,1303,1731,1878,-1.1,0.4
"Troy, NY",City,2020,4,691,819,1008,1261,1389,0.2,3.1
"Troy, OH",City,2020,4,514,573,748,1005,1186,0,1
"Tucson, AZ",City,2020,4,606,719,955,1390,1645,0.1,1.7
"Tulsa, OK",City,2020,4,550,651,841,1133,1247,0.1,1.5
"Turtle Creek, PA",City,2020,4,444,515,644,806,887,0.2,2.6
"Tuscaloosa, AL",City,2020,4,654,739,902,1164,1243,0.1,-0.4
"Tustin, CA",City,2020,4,1650,1964,2524,3430,3782,-0.1,1.8
"Twentynine Palms, CA",City,2020,4,556,665,831,1168,1439,0.1,-0.9
"Universal City, TX",City,2020,4,817,1006,1265,1673,2009,0.6,1.4
"Urbana, IL",City,2020,4,582,715,888,1115,1485,0.1,-0.3
"Utica, MI",City,2020,4,638,771,1004,1334,1447,-0.6,-2.4
"Valdosta, GA",City,2020,4,551,555,710,971,1250,0.2,-0.3
"Vancouver, WA",City,2020,4,1279,1423,1679,2444,2958,0,1.3
"Vandalia, OH",City,2020,4,447,499,651,876,1033,0.6,2.6
"Victoria, TX",City,2020,4,757,765,947,1284,1351,-0.2,1.3
"Victorville, CA",City,2020,4,954,1141,1427,2005,2470,0.3,3.5
"Virginia Beach, VA",City,2020,4,1090,1096,1319,1841,2297,0.2,2.4
"Visalia, CA",City,2020,4,802,808,1056,1530,1756,0,2.9
"Vista, CA",City,2020,4,1302,1442,1870,2693,3296,-0.2,0.8
"Waco, TX",City,2020,4,537,633,833,1132,1380,0,1.6
"Walnut Creek, CA",City,2020,4,2015,2477,3112,4187,4978,0.2,0.6
"Warner Robins, GA",City,2020,4,712,765,918,1188,1411,-0.1,1.3
"Washington, DC",City,2020,4,1303,1368,1581,2085,2585,-0.1,1.7
"Waterbury, CT",City,2020,4,814,930,1135,1449,1691,0.1,1.2
"Waukegan, IL",City,2020,4,744,864,1016,1300,1547,0.2,1.4
"Wausau, WI",City,2020,4,471,578,742,930,1102,0.4,1.6
"Wayne, MI",City,2020,4,513,620,807,1071,1162,0.1,2.8
"Weatherford, TX",City,2020,4,760,906,1126,1527,1945,-0.1,1.6
"Webster, TX",City,2020,4,884,1002,1227,1672,2125,-0.7,0.9
"Wellington, FL",City,2020,4,1227,1518,1925,2650,3191,-0.1,0.6
"Weslaco, TX",City,2020,4,562,566,735,920,1094,0,0.9
"West Chester, PA",City,2020,4,1119,1328,1603,2006,2232,0.2,0.4
"West Covina, CA",City,2020,4,1517,1805,2320,3153,3476,-0.4,0.3
"West Lafayette, IN",City,2020,4,679,750,913,1251,1556,0.1,-0.7
"West Palm Beach, FL",City,2020,4,892,1104,1399,1926,2320,-0.2,1.9
"West Sacramento, CA",City,2020,4,665,749,950,1379,1673,0,-0.2
"Westland, MI",City,2020,4,617,746,971,1289,1398,-0.2,0.8
"Westminster, CO",City,2020,4,1067,1304,1650,2397,2776,-0.2,3.2
"Wheat Ridge, CO",City,2020,4,827,1010,1278,1857,2151,0,1.7
"Wheeling, IL",City,2020,4,988,1147,1349,1725,2053,0.2,0.8
"Wichita, KS",City,2020,4,482,572,760,1032,1200,0.1,2.2
"Wildomar, CA",City,2020,4,1210,1448,1811,2545,3135,0.8,2.1
"Williamsport, PA",City,2020,4,596,600,733,986,1010,0.1,2.1
"Willoughby, OH",City,2020,4,615,736,917,1205,1277,0,0.2
"Winston-Salem, NC",City,2020,4,657,676,824,1145,1311,0.1,2
"Winter Haven, FL",City,2020,4,676,681,891,1181,1495,-0.1,1.6
"Winter Park, FL",City,2020,4,956,1045,1252,1666,2004,-1.2,0.3
"Woodstock, IL",City,2020,4,845,980,1153,1475,1755,0,1.2
"Worcester, MA",City,2020,4,884,999,1274,1611,1811,0.1,1.6
"Wyandotte, MI",City,2020,4,518,626,814,1082,1173,0.3,0.7
"Yakima, WA",City,2020,4,603,703,912,1258,1444,0,0
"Youngstown, OH",City,2020,4,515,577,726,945,1050,0,-0.3
"Ypsilanti, MI",City,2020,4,820,874,1054,1447,1815,0.1,1.8
"Yucca Valley, CA",City,2020,4,580,694,868,1219,1502,0,1.8
"Zion, IL",City,2020,4,774,898,1056,1351,1608,0.1,0.8